,city,date,cloudiness,humidity,lat,lng,maxtemp,windspeed
0,Sarangani,1589176869,57,75,5.4,125.46,85.12,12.68
1,Ilebo,1589176869,22,92,-4.32,20.58,73.65,0.72
2,Nagtipunan,1589176869,76,45,16.22,121.6,92.21,4.59
3,Ushuaia,1589176759,40,75,-54.8,-68.3,41.0,9.17
4,Mataura,1589176869,100,87,-46.19,168.86,50.07,2.59
5,Puerto Ayora,1589176870,1,94,-0.74,-90.35,75.99,5.46
6,Hermanus,1589176870,6,96,-34.42,19.23,55.99,1.99
7,Esperance,1589176842,52,30,-33.87,121.9,71.6,10.29
8,Khatanga,1589176870,87,99,71.97,102.5,31.51,3.96
9,Rikitea,1589176871,42,75,-23.12,-134.97,75.07,9.78
10,Araouane,1589176871,77,14,18.9,-3.53,84.24,10.78
11,Aksarka,1589176871,62,81,66.56,67.8,42.3,7.14
12,Hilo,1589176872,75,65,19.73,-155.09,77.0,3.27
13,Albany,1589176872,100,68,42.6,-73.97,43.0,2.55
14,Egtved,1589176872,6,66,55.62,9.3,41.0,9.17
15,Linxia Chengguanzhen,1589176873,7,32,35.6,103.21,60.53,3.58
16,Bambous Virieux,1589176873,75,50,-20.34,57.76,77.0,11.41
17,Los Llanos de Aridane,1589176873,48,72,28.66,-17.92,66.2,5.82
18,Makakilo City,1589176874,20,69,21.35,-158.09,78.8,3.36
19,Kruisfontein,1589176874,0,66,-34.0,24.73,59.59,5.64
20,Genhe,1589176874,62,36,50.78,121.52,52.54,16.55
21,Traverse City,1589176875,90,69,44.76,-85.62,35.6,8.05
22,Vao,1589176875,48,68,-22.67,167.48,71.6,8.21
23,Lebu,1589176875,84,86,-37.62,-73.65,51.35,3.58
24,Aksu,1589176875,74,19,41.12,80.26,75.87,6.38
25,Punta Arenas,1589176876,75,86,-53.15,-70.92,39.2,13.87
26,Pangnirtung,1589176876,100,91,66.15,-65.71,23.83,12.62
27,Richards Bay,1589176876,0,54,-28.78,32.04,65.1,5.77
28,Severo-Kuril'sk,1589176876,100,83,50.68,156.12,36.01,8.37
29,Maceió,1589176673,75,100,-9.67,-35.74,73.4,3.36
30,Soyo,1589176877,95,86,-6.13,12.37,77.97,3.83
31,Provideniya,1589176878,100,94,64.38,-173.3,36.68,8.23
32,Poum,1589176878,60,73,-20.23,164.02,75.06,7.56
33,Varnavino,1589176878,32,66,57.4,45.09,57.06,6.8
34,Mildura,1589176879,45,45,-34.2,142.15,64.99,4.7
35,Santa Cruz de la Sierra,1589176879,40,83,-17.8,-63.17,71.6,13.87
36,Mahébourg,1589176880,75,50,-20.41,57.7,75.2,11.41
37,Vaini,1589176880,20,73,-21.2,-175.2,77.0,13.87
38,Bibiani,1589176880,100,99,6.46,-2.32,70.12,0.89
39,Whitehorse,1589176880,20,19,60.72,-135.05,59.0,10.29
40,Santa Cruz de Tenerife,1589176621,20,93,28.47,-16.25,59.0,12.75
41,Quesnel,1589176846,1,45,53.0,-122.5,48.2,4.7
42,Saint Anthony,1589176881,90,48,45.02,-93.22,44.6,6.93
43,Sabha,1589176881,63,14,27.04,14.43,81.43,16.89
44,Butaritari,1589176881,14,76,3.07,172.79,84.07,8.03
45,Palmer,1589176882,1,85,42.16,-72.33,39.99,4.85
46,Port Alfred,1589176882,0,92,-33.59,26.89,62.01,1.99
47,Hobart,1589176882,75,62,-42.88,147.33,57.99,6.93
48,East London,1589176768,0,42,-33.02,27.91,66.2,11.41
49,Dekar,1589176883,0,55,-21.53,21.93,55.51,7.94
50,Kapaa,1589176698,1,83,22.08,-159.32,73.4,13.87
51,Tasiilaq,1589176944,24,86,65.61,-37.64,28.4,5.82
52,Cabo San Lucas,1589176944,10,72,22.89,-109.91,70.0,15.35
53,Pevek,1589176944,2,80,69.7,170.31,37.06,16.89
54,Vestmannaeyjar,1589176944,46,76,63.44,-20.27,43.09,14.36
55,Kandalaksha,1589176944,100,95,67.16,32.41,35.42,9.8
56,Quatre Cocos,1589176945,75,50,-20.21,57.76,77.0,11.41
57,Busselton,1589176765,64,43,-33.65,115.33,71.01,4.41
58,New Norfolk,1589176946,94,76,-42.78,147.06,57.99,5.99
59,Castro,1589176820,0,91,-24.79,-50.01,50.32,3.8
60,Alofi,1589176871,0,88,-19.06,-169.92,80.6,3.36
61,Banda Aceh,1589176753,100,76,5.56,95.32,84.07,4.9
62,Sitka,1589176947,75,39,57.05,-135.33,62.6,8.05
63,Constitución,1589176947,59,73,-35.33,-72.42,52.72,6.98
64,Jamestown,1589176712,90,87,42.1,-79.24,44.01,9.17
65,Kawalu,1589176948,97,82,-7.38,108.21,80.78,3.78
66,Atuona,1589176948,17,79,-9.8,-139.03,80.98,16.06
67,Sayaxché,1589176949,72,95,16.52,-90.17,71.35,3.13
68,Pisco,1589176949,31,82,-13.7,-76.22,66.2,6.93
69,Mwinilunga,1589176949,34,75,-11.74,24.43,60.17,8.03
70,Cockburn Town,1589176949,100,83,21.46,-71.14,79.7,24.07
71,Barrow,1589176950,1,80,71.29,-156.79,33.8,11.41
72,Najrān,1589176950,0,28,17.49,44.13,86.0,7.78
73,Jinchang,1589176951,0,20,38.5,102.17,64.56,6.96
74,Cape Town,1589176676,0,93,-33.93,18.42,60.01,5.82
75,Anchorage,1589176742,40,66,61.22,-149.9,52.0,4.7
76,Mount Isa,1589176951,0,12,-20.73,139.5,78.8,12.75
77,Burlington,1589176952,1,70,39.88,-74.64,48.2,8.05
78,Rocha,1589176886,71,89,-34.48,-54.33,64.06,7.29
79,Yellowknife,1589176952,20,59,62.46,-114.35,33.8,6.93
80,Barra,1589176953,86,76,-11.09,-43.14,73.09,4.12
81,Ati,1589176953,30,11,13.22,18.34,86.27,7.96
82,Arys,1589176953,25,36,42.43,68.8,80.6,6.71
83,Vazante,1589176953,0,89,-17.99,-46.91,55.6,2.84
84,Vila Franca do Campo,1589176954,75,62,37.72,-25.43,57.2,9.17
85,Mana,1589176954,95,89,5.66,-53.78,77.74,13.09
86,Pāvilosta,1589176954,100,93,56.89,21.19,48.2,8.05
87,Avarua,1589176680,100,100,-21.21,-159.78,75.2,3.36
88,Bredasdorp,1589176955,0,87,-34.53,20.04,57.2,3.36
89,Inírida,1589176955,70,96,3.87,-67.92,73.13,1.92
90,Yumen,1589176955,0,18,40.28,97.2,69.04,20.62
91,Jacareacanga,1589176956,100,97,-6.22,-57.75,73.06,1.52
92,Coos Bay,1589176956,90,87,43.37,-124.22,53.6,5.82
93,Mataram,1589176956,40,55,-8.58,116.12,89.6,10.29
94,São Filipe,1589176956,3,77,14.9,-24.5,72.63,9.42
95,Hong Kong,1589176956,20,59,22.29,114.16,89.6,11.41
96,Coahuayana Viejo,1589176957,23,76,18.73,-103.68,71.6,1.5
97,Coquimbo,1589176957,0,87,-29.95,-71.34,50.0,2.24
98,Lorengau,1589176957,62,79,-2.02,147.27,85.33,9.73
99,Port Lincoln,1589176958,100,60,-34.73,135.87,61.09,13.15
100,Leningradskiy,1589177018,95,94,69.38,178.42,35.19,9.98
101,Acaraú,1589177018,37,87,-2.89,-40.12,75.02,9.64
102,Kahului,1589176908,20,69,20.89,-156.47,75.2,13.87
103,Mishelevka,1589177019,25,25,52.86,103.17,66.6,9.06
104,Russell,1589176834,1,87,32.35,-85.2,60.8,3.91
105,Tiksi,1589177019,99,97,71.69,128.87,30.72,15.66
106,Arraial do Cabo,1589177019,0,69,-22.97,-42.03,71.37,22.39
107,Carnarvon,1589177019,20,52,-24.87,113.63,78.28,12.41
108,Maamba,1589177020,57,57,-17.37,27.15,64.74,1.19
109,Roebourne,1589177020,10,23,-20.78,117.13,90.27,12.53
110,Faanui,1589177020,32,76,-16.48,-151.75,82.18,10.36
111,Itoman,1589177020,75,78,26.12,127.67,78.8,11.41
112,Kribi,1589177021,100,90,2.95,9.92,77.61,3.98
113,Moose Factory,1589177021,90,67,51.26,-80.61,19.4,16.11
114,Smithers,1589176810,1,32,54.78,-127.17,51.8,11.41
115,George Town,1589176873,20,75,5.41,100.34,89.6,5.82
116,Antofagasta,1589177022,90,72,-23.65,-70.4,60.8,2.24
117,Ipameri,1589177022,0,85,-17.72,-48.16,57.47,7.16
118,Verkhnyaya Tura,1589177022,100,53,58.36,59.82,64.62,7.99
119,Karratha,1589176854,0,22,-20.74,116.85,90.54,14.94
120,Saint Paul Harbor,1589177023,75,57,57.79,-152.41,50.0,10.29
121,Corinth,1589177023,67,61,37.94,22.96,66.0,3.0
122,Menongue,1589177023,100,70,-14.66,17.69,62.37,3.13
123,Along,1589177024,0,29,28.17,94.77,94.57,2.26
124,Ribeira Grande,1589177024,5,72,38.52,-28.7,57.54,17.05
125,Solnechnyy,1589177024,100,57,50.72,136.63,52.99,0.69
126,Truth or Consequences,1589177025,40,35,33.13,-107.25,69.8,10.29
127,Upernavik,1589177025,97,86,72.79,-56.15,14.23,11.77
128,Pālampur,1589177025,43,26,32.12,76.53,80.29,7.07
129,Hithadhoo,1589177026,86,77,-0.6,73.08,85.06,11.5
130,Bunia,1589177026,89,83,1.57,30.25,70.65,7.67
131,Yar-Sale,1589177026,91,99,66.83,70.83,33.76,5.82
132,Dunedin,1589177026,97,87,-45.87,170.5,52.0,7.0
133,Qaanaaq,1589177027,0,76,77.48,-69.36,6.84,8.21
134,Santiago,1589176769,12,81,-33.46,-70.65,46.4,3.36
135,Bathsheba,1589177027,40,78,13.22,-59.52,80.6,19.46
136,Ţahţā,1589177027,0,28,26.77,31.5,73.4,6.93
137,Ponta do Sol,1589177028,40,68,32.67,-17.1,64.4,5.82
138,Port Keats,1589177028,0,31,-14.25,129.55,90.32,10.96
139,Zhezkazgan,1589177028,20,49,47.8,67.71,73.4,4.47
140,Boisar,1589177028,0,49,19.8,72.75,90.79,10.94
141,Manzhouli,1589177029,82,42,49.6,117.43,53.26,27.27
142,Yaremche,1589177029,40,76,48.46,24.55,57.2,7.72
143,Boyolangu,1589177029,100,81,-8.12,111.89,80.96,5.26
144,Saint-Philippe,1589177029,75,47,-21.36,55.77,77.0,11.41
145,Le Port,1589177030,84,57,-20.94,55.29,75.2,13.87
146,Vinukonda,1589177030,0,29,16.05,79.75,101.19,7.81
147,Letlhakane,1589177031,12,67,-21.42,25.58,56.35,9.51
148,Cherskiy,1589177031,99,60,68.75,161.3,43.72,21.56
149,Zapolyarnyy,1589177031,75,97,69.42,30.81,33.8,10.29
150,Lagoa,1589177091,60,74,39.05,-27.98,57.34,22.46
151,Nemuro,1589177092,75,71,43.32,145.57,57.2,12.75
152,Potot,1589177092,91,55,12.2,123.43,90.66,5.37
153,Iqaluit,1589177092,90,85,63.75,-68.51,24.8,26.4
154,Aklavik,1589177093,20,56,68.22,-135.01,42.8,6.93
155,Hambantota,1589177093,83,63,6.12,81.12,88.14,5.55
156,Ozernovskiy,1589177093,100,79,51.5,156.52,37.58,11.07
157,Tuatapere,1589177093,100,92,-46.13,167.68,51.44,2.39
158,Raudeberg,1589177094,93,88,61.99,5.14,36.0,11.56
159,Lompoc,1589176816,90,87,34.64,-120.46,53.6,4.7
160,New Iberia,1589177094,1,72,30.0,-91.82,62.6,3.36
161,Pacific Grove,1589176800,1,76,36.62,-121.92,53.6,3.36
162,Kieta,1589177095,71,75,-6.22,155.63,84.29,5.39
163,Mahanoro,1589177095,100,89,-19.9,48.8,71.19,3.51
164,Palmital,1589176879,0,85,-22.79,-50.22,57.38,6.6
165,Fairbanks,1589176950,1,19,64.84,-147.72,75.2,10.29
166,Bluff,1589177096,100,86,-46.6,168.33,52.86,11.12
167,Zaranj,1589177096,23,22,30.97,61.88,91.4,13.87
168,Mehamn,1589177097,100,97,71.04,27.85,32.49,29.42
169,Bahía de Caráquez,1589177097,20,88,-0.6,-80.42,77.0,8.05
170,Katsuura,1589177097,75,73,35.13,140.3,81.0,11.41
171,Halle,1589177097,90,70,51.5,12.0,46.4,19.46
172,Pringsewu,1589177098,58,65,-5.36,104.97,88.92,2.93
173,Sambava,1589177098,74,67,-14.27,50.17,79.61,14.23
174,Hasaki,1589177098,20,64,35.73,140.83,86.0,14.99
175,Chokurdakh,1589177099,100,98,70.63,147.92,33.22,10.96
176,Oddur,1589177099,80,83,4.12,43.89,76.24,15.48
177,Hienghène,1589177099,81,74,-20.68,164.93,72.48,1.41
178,Monrovia,1589177099,95,88,6.3,-10.8,78.55,7.11
179,Buta,1589177099,95,98,2.79,24.73,73.18,0.27
180,Saskylakh,1589177100,74,96,71.92,114.08,24.31,13.4
181,Nikolskoye,1589177100,89,37,59.7,30.79,57.0,6.71
182,San Patricio,1589177100,12,80,19.22,-104.7,71.8,2.35
183,Asău,1589177100,78,52,46.43,26.4,66.99,3.33
184,Darnah,1589177101,9,30,32.77,22.64,75.78,21.54
185,Qusar,1589177101,60,65,41.43,48.43,54.81,7.14
186,Zaliznychne,1589177101,41,59,45.75,28.61,67.05,11.72
187,Salinópolis,1589177101,51,87,-0.61,-47.36,78.69,7.56
188,Quixeramobim,1589176915,100,82,-5.2,-39.29,71.98,1.92
189,Adrar,1589177102,1,18,20.5,-10.07,78.85,9.62
190,Kaitangata,1589177102,94,83,-46.28,169.85,52.0,3.0
191,Norman Wells,1589177103,40,40,65.28,-126.83,53.6,4.7
192,Mauá,1589177103,0,67,-23.67,-46.46,66.0,2.24
193,Buraidah,1589177020,40,39,26.33,43.98,80.6,10.29
194,Shihezi,1589177103,84,13,44.3,86.03,82.47,5.79
195,Porto Belo,1589177104,31,74,-27.16,-48.55,66.0,5.35
196,Sechura,1589177104,55,75,-5.56,-80.82,71.92,9.15
197,Matagami,1589177105,90,92,49.75,-77.63,15.8,19.46
198,Sobolevo,1589177105,0,69,54.43,31.9,57.2,7.2
199,Dingle,1589177105,100,50,11.0,122.67,92.95,8.99
200,Caravelas,1589177166,22,79,-17.71,-39.25,69.57,3.29
201,Vostok,1589177166,100,71,46.49,135.88,51.94,1.63
202,Teknāf,1589177166,0,52,20.86,92.31,91.38,9.71
203,Lodja,1589177166,100,92,-3.48,23.43,73.63,0.58
204,Maraã,1589177167,98,99,-1.83,-65.37,72.43,1.77
205,Saldanha,1589177167,0,87,-33.01,17.94,57.2,5.82
206,Saint-Augustin,1589177167,73,89,51.23,-58.65,34.14,17.22
207,Tabou,1589177167,99,86,4.42,-7.35,79.39,8.79
208,Belyy Yar,1589177167,35,31,53.6,91.39,73.4,2.24
209,Binzhou,1589177168,73,53,37.37,118.02,66.99,1.99
210,Vardø,1589177168,75,97,70.37,31.11,33.8,11.41
211,Casper,1589177168,75,64,42.87,-106.31,39.0,13.87
212,Cabedelo,1589177169,36,100,-6.98,-34.83,73.4,3.36
213,Almaznyy,1589177169,78,59,48.04,40.05,62.6,15.66
214,Laguna,1589177169,1,71,38.42,-121.42,57.99,5.82
215,Berbera,1589177166,35,62,10.44,45.01,89.06,5.12
216,Torbay,1589177170,90,80,47.67,-52.73,36.0,13.87
217,Bethel,1589177170,1,43,41.37,-73.41,51.8,8.05
218,Tuktoyaktuk,1589177170,40,92,69.45,-133.04,30.2,11.41
219,Olinda,1589176877,40,83,-8.01,-34.86,77.0,5.82
220,Saint George,1589177057,40,38,37.1,-113.58,73.4,21.92
221,Geraldton,1589177171,61,46,-28.77,114.6,73.4,19.46
222,Mindyak,1589177171,20,34,54.02,58.79,68.0,4.47
223,Necochea,1589177171,0,64,-38.55,-58.74,51.01,5.99
224,Freeport,1589177172,1,71,40.66,-73.58,52.0,11.41
225,Kavaratti,1589177172,20,66,10.57,72.64,89.6,5.82
226,Kudahuvadhoo,1589177172,99,79,2.67,72.89,85.71,17.69
227,Khuzdar,1589177172,0,10,27.74,66.64,93.0,1.57
228,Talnakh,1589177173,83,96,69.49,88.4,37.4,11.18
229,Airai,1589177173,53,79,-8.93,125.41,70.84,3.94
230,Souillac,1589177174,75,50,-20.52,57.52,75.2,11.41
231,Mindelo,1589177174,75,78,16.89,-24.98,71.6,21.92
232,Cukai,1589177174,40,70,4.25,103.42,91.4,5.82
233,Honiara,1589177175,40,70,-9.43,159.95,89.6,5.82
234,Port Elizabeth,1589177073,75,100,-33.92,25.57,57.2,11.41
235,Santa Maria,1589177175,89,72,-29.68,-53.81,66.42,6.93
236,Eyl,1589177175,67,58,7.98,49.82,86.58,4.72
237,Mirandopólis,1589177175,0,82,-21.13,-51.1,60.64,9.19
238,São João da Barra,1589177176,1,76,-21.64,-41.05,64.69,7.65
239,Naze,1589177176,20,69,28.37,129.48,78.8,10.29
240,Niquelândia,1589177176,25,85,-14.47,-48.46,65.34,3.53
241,Zhigalovo,1589177176,2,31,54.81,105.16,59.59,7.36
242,Yenagoa,1589177177,58,93,4.92,6.26,75.69,1.88
243,Wanning,1589177177,50,66,18.8,110.4,88.05,14.18
244,Mīnāb,1589177177,92,46,27.15,57.08,91.4,2.24
245,La Ronge,1589177178,5,53,55.1,-105.28,26.6,5.82
246,Nirmal,1589177178,1,22,19.1,78.35,102.69,5.1
247,Deputatsky,1589177178,100,99,69.3,139.9,27.01,6.29
248,Narsaq,1589177179,54,30,60.92,-46.05,57.2,17.22
249,Boa Vista,1589177179,27,78,2.82,-60.67,78.8,4.7
250,Gushikawa,1589177239,90,83,26.35,127.87,77.0,8.05
251,Makkah al Mukarramah,1589177050,91,34,21.43,39.83,92.79,8.39
252,Mar del Plata,1589176960,15,81,-38.0,-57.56,54.0,11.41
253,Cabra,1589177240,71,79,37.47,-4.44,55.99,1.99
254,Saint-Paul,1589177240,86,57,-21.01,55.27,75.2,13.87
255,Dorāha,1589177240,66,19,30.82,76.02,99.72,8.32
256,Iwanai,1589177241,72,75,42.97,140.51,60.51,6.93
257,Kilindoni,1589177241,27,82,-7.91,39.67,79.39,16.15
258,Kimbe,1589177241,100,81,-5.55,150.14,84.0,1.1
259,Pilar,1589177242,75,100,-9.6,-35.96,73.4,3.36
260,Saurimo,1589177242,54,71,-9.66,20.39,64.8,6.33
261,Ürümqi,1589177242,91,10,43.8,87.6,82.4,11.18
262,Skjervøy,1589177242,75,59,70.03,20.97,33.8,4.7
263,Charleville,1589177243,1,22,-26.4,146.25,66.2,14.99
264,Kaka,1589177243,0,40,37.35,59.61,79.9,16.13
265,Faya,1589177243,0,52,18.39,42.45,71.6,9.17
266,Örnsköldsvik,1589177243,0,75,63.29,18.72,32.0,14.99
267,Yeppoon,1589177244,40,24,-23.13,150.73,78.8,6.93
268,Pangody,1589177244,86,83,65.85,74.49,42.4,15.12
269,Waldoboro,1589177244,1,90,44.1,-69.38,37.99,6.44
270,Panguna,1589177244,89,92,-6.32,155.48,76.37,0.4
271,Kupino,1589177245,0,24,54.37,77.3,81.45,1.54
272,Chongoyape,1589177245,62,64,-6.64,-79.39,73.78,0.16
273,Sovetskiy,1589177245,73,48,61.36,63.58,70.84,6.62
274,Kaset Sombun,1589177245,84,47,16.28,101.95,94.87,6.31
275,Praia,1589176947,40,73,14.92,-23.51,71.6,20.8
276,Totness,1589177246,8,91,5.88,-56.32,76.8,9.26
277,Isiro,1589177246,71,96,2.77,27.62,71.35,2.24
278,Port Blair,1589177232,100,73,11.67,92.75,85.37,10.16
279,Dikson,1589177247,100,97,73.51,80.55,29.01,14.52
280,Jiazi,1589177247,74,78,22.88,116.07,81.95,10.67
281,Zhoucheng,1589177247,96,23,35.91,116.31,73.87,14.7
282,Kangaatsiaq,1589177165,100,85,68.31,-53.46,35.38,11.72
283,Mukhen,1589177247,100,86,48.1,136.1,53.29,3.02
284,Nouadhibou,1589177248,59,78,20.93,-17.03,66.25,21.12
285,Pascagoula,1589177248,1,87,30.37,-88.56,53.01,8.19
286,Nyurba,1589177248,79,58,63.28,118.33,44.56,12.33
287,Mahajanga,1589177249,20,51,-15.72,46.32,80.6,9.17
288,Thompson,1589177223,20,53,55.74,-97.86,23.0,6.93
289,Ruteng,1589177249,74,84,-8.61,120.47,71.74,0.92
290,Vila Real,1589177249,98,8,41.3,-7.74,55.0,4.45
291,Muros,1589177250,24,89,42.78,-9.06,54.0,3.0
292,Mayumba,1589177250,97,86,-3.43,10.66,76.69,1.97
293,San Policarpo,1589177250,99,73,12.18,125.51,84.97,8.28
294,Shenjiamen,1589177250,2,76,29.96,122.3,67.19,8.99
295,Dimovo,1589177250,26,68,43.74,22.73,64.99,1.99
296,Poronaysk,1589177251,99,84,49.22,143.12,41.9,9.22
297,Salalah,1589177251,20,70,17.02,54.09,87.8,1.12
298,Bilma,1589177251,0,12,18.69,12.92,82.74,4.43
299,Port Macquarie,1589177251,2,49,-31.43,152.92,64.99,13.15
300,Ovalle,1589177312,0,74,-30.6,-71.2,47.93,0.76
301,Clyde River,1589177312,90,85,70.47,-68.59,12.2,8.05
302,Bucerías,1589177312,31,80,20.75,-105.33,75.0,4.81
303,Portland,1589177101,100,60,45.52,-122.68,73.0,3.0
304,Ukwā,1589177313,26,13,21.97,80.47,105.98,3.85
305,Pajapan,1589177313,2,84,18.25,-94.7,74.93,6.42
306,Margate,1589177313,63,51,51.38,1.39,48.0,10.0
307,Tombouctou,1589177314,1,13,20.0,-3.0,84.6,10.29
308,Sadovoye,1589177314,99,85,47.78,44.51,53.24,19.55
309,Ostrovnoy,1589177314,100,80,68.05,39.51,37.38,23.69
310,Kalmunai,1589177314,99,61,7.42,81.82,89.73,5.93
311,Agadez,1589177314,0,12,19.75,10.25,79.95,2.86
312,Koutiala,1589177315,77,57,12.39,-5.46,83.75,13.82
313,Pangkalanbuun,1589177315,80,85,-2.68,111.62,84.97,4.03
314,Pacasmayo,1589177315,80,82,-7.4,-79.57,68.54,8.46
315,Kokopo,1589177315,86,73,-4.35,152.26,85.26,9.82
316,Zabul Province,1589177316,3,16,32.25,67.25,79.02,14.74
317,Jining,1589177316,77,34,35.41,116.58,72.27,12.73
318,Chui,1589177316,51,84,-33.7,-53.46,63.46,5.79
319,Avera,1589177316,1,87,33.19,-82.53,55.4,4.7
320,Akureyri,1589177316,90,64,65.68,-18.09,39.2,16.11
321,Zaragoza,1589177150,75,87,41.66,-0.88,55.4,5.82
322,Tolyatti,1589177317,0,55,53.53,49.35,60.8,13.42
323,Nanortalik,1589177317,80,83,60.14,-45.24,43.07,19.84
324,Longyearbyen,1589177317,40,61,78.22,15.64,17.6,6.93
325,Ulaangom,1589177318,0,22,49.98,92.07,68.72,8.77
326,Samarai,1589177319,83,79,-10.62,150.67,81.07,13.02
327,Sampit,1589177319,24,47,-2.53,112.95,96.62,1.12
328,Santa Rosa del Sur,1589177319,100,97,7.96,-74.05,72.21,3.29
329,Zuénoula,1589177319,100,97,7.43,-6.04,72.97,2.21
330,Northam,1589177320,2,73,51.03,-4.22,42.01,15.99
331,Āsosa,1589177320,76,52,10.07,34.53,79.47,2.84
332,Felanitx,1589177192,20,72,39.47,3.15,66.2,17.22
333,Lavrentiya,1589177320,85,85,65.58,-171.0,37.2,6.08
334,Kinchil,1589177321,75,83,20.92,-89.95,78.01,6.93
335,Bariloche,1589177321,20,75,-41.15,-71.31,42.8,11.41
336,Rūdbār,1589177321,14,9,30.15,62.6,99.77,4.14
337,Nioki,1589177321,93,93,-2.72,17.68,72.34,1.61
338,Tanout,1589177321,11,39,14.97,8.89,79.45,4.25
339,Zhigansk,1589177322,33,86,66.77,123.37,34.83,16.31
340,Markha,1589177322,40,31,62.11,129.73,50.0,8.95
341,Mombaça,1589177322,100,92,-5.74,-39.63,69.01,2.17
342,Sola,1589177322,88,79,-13.88,167.55,80.73,16.87
343,Khovd,1589177323,0,20,48.01,91.64,66.72,6.51
344,Ankang,1589177323,61,21,32.68,109.02,77.81,4.14
345,Springbok,1589177323,0,31,-29.66,17.89,62.82,7.05
346,Yangi Marg`ilon,1589177323,4,31,40.43,71.72,78.8,6.93
347,Port Hawkesbury,1589177324,1,80,45.62,-61.35,37.0,13.87
348,Pekan,1589177324,40,70,3.48,103.4,89.6,4.7
349,Hamilton,1589176921,75,60,39.18,-84.53,43.0,18.34
350,Lamu,1589177384,100,88,-2.27,40.9,79.2,18.43
351,Mount Gambier,1589177385,90,82,-37.83,140.77,57.2,6.93
352,Te Anau,1589177385,100,90,-45.42,167.72,50.23,2.86
353,Verkhnyaya Inta,1589177385,73,67,65.98,60.31,46.92,12.3
354,Leshukonskoye,1589177386,8,78,64.9,45.76,47.35,4.83
355,Lüderitz,1589177386,0,82,-26.65,15.16,60.8,3.36
356,Omboué,1589177386,100,91,-1.57,9.26,73.76,4.9
357,Petropavlovsk-Kamchatskiy,1589177386,0,37,53.05,158.65,50.0,13.42
358,Sokyryany,1589177387,90,55,48.45,27.42,64.0,8.01
359,Sant Julià de Loria,1589177387,82,64,42.46,1.48,53.01,3.13
360,Evansville,1589176984,40,61,37.97,-87.56,46.99,3.36
361,Pālghar,1589177387,1,63,19.68,72.75,93.2,14.99
362,Lufilufi,1589177388,5,64,-13.87,-171.6,84.88,4.52
363,Marawi,1589177388,74,83,8.0,124.29,84.99,10.0
364,São Félix do Xingu,1589177388,100,96,-6.64,-51.99,70.86,1.3
365,Valley City,1589177389,1,91,46.92,-98.0,32.0,5.82
366,Romitan,1589177389,44,39,39.93,64.38,84.2,2.24
367,Tiznit Province,1589177389,77,87,29.58,-9.5,56.3,7.52
368,Hualmay,1589177390,68,87,-11.1,-77.61,65.61,8.03
369,Frunze,1589177390,54,67,48.67,38.75,61.66,12.37
370,Banjar,1589177390,20,79,-8.19,114.97,86.0,13.87
371,Cidreira,1589177390,100,69,-30.18,-50.21,65.12,5.68
372,Olafsvik,1589177390,99,80,64.89,-23.71,43.18,13.0
373,Hofn,1589177391,1,60,64.25,-15.21,41.58,17.96
374,Comodoro Rivadavia,1589177210,17,57,-45.87,-67.5,50.0,13.87
375,Fernie,1589177391,90,48,49.5,-115.07,44.6,5.82
376,Khorramshahr,1589177392,85,34,30.44,48.17,82.4,9.17
377,Ballina,1589177392,40,63,-28.87,153.57,68.0,17.22
378,Fortuna,1589177392,1,100,40.6,-124.16,52.0,5.82
379,San Angelo,1589177144,100,45,31.46,-100.44,66.99,1.99
380,Birjand,1589177393,61,16,32.87,59.22,80.6,6.93
381,Srednekolymsk,1589177393,60,64,67.45,153.68,42.89,11.99
382,Ixtapa,1589177393,32,80,20.7,-105.2,75.0,2.75
383,Viamão,1589177393,99,87,-30.08,-51.02,64.99,2.24
384,Pitimbu,1589177394,80,100,-7.47,-34.81,73.4,3.36
385,Rizhao,1589177394,68,62,35.43,119.46,61.48,14.5
386,Half Moon Bay,1589177394,90,82,37.46,-122.43,55.99,9.17
387,Ancud,1589177395,75,100,-41.87,-73.82,48.0,2.24
388,Kabo,1589177395,70,75,7.7,18.63,78.58,7.92
389,Prigor,1589177395,72,43,44.94,22.11,71.6,12.75
390,Evensk,1589177395,100,98,61.95,159.23,34.11,2.73
391,Acapulco de Juárez,1589177268,20,83,16.86,-99.89,82.4,4.7
392,Kavieng,1589177396,67,75,-2.57,150.8,85.37,10.54
393,Haines Junction,1589177396,0,47,60.75,-137.51,55.02,3.18
394,Altay,1589177396,78,17,47.87,88.12,73.06,4.83
395,Broken Hill,1589177397,43,36,-31.95,141.43,60.8,8.05
396,Frolovo,1589177397,100,86,49.77,43.66,55.0,8.99
397,High Level,1589177397,40,41,58.52,-117.14,42.8,3.36
398,Virginia Beach,1589176876,1,67,36.85,-75.98,57.99,11.41
399,Galle,1589177397,99,74,6.04,80.22,85.62,10.94
400,Seoul,1589177437,39,40,37.57,126.98,73.4,11.41
401,Padang,1589177458,96,59,-0.95,100.35,88.81,7.7
402,Novichikha,1589177458,100,38,52.2,81.39,77.77,9.19
403,Lima,1589177454,90,68,-12.04,-77.03,69.8,13.87
404,Rtishchevo,1589177459,99,89,52.26,43.79,51.13,8.1
405,San Cristobal,1589177459,28,88,7.77,-72.22,67.8,3.11
406,Manono,1589177459,65,73,-7.3,27.42,73.38,8.21
407,Makokou,1589177459,94,96,0.57,12.86,70.54,0.94
408,Arlit,1589177460,1,17,18.74,7.39,84.22,6.71
409,Kropotkin,1589177460,87,69,45.44,40.58,57.0,17.83
410,Okhotsk,1589177460,67,55,59.38,143.3,46.44,6.78
411,Nome,1589177460,75,65,64.5,-165.41,48.0,13.87
412,Bam,1589177461,5,17,29.11,58.36,92.93,3.69
413,Anloga,1589177461,20,94,5.79,0.9,77.0,4.7
414,Wuwei,1589177462,0,19,37.93,102.64,66.56,7.74
415,Pozo Colorado,1589177462,20,65,-23.49,-58.8,73.11,7.36
416,Ibrā’,1589177462,0,9,22.69,58.53,99.55,2.77
417,Caceres,1589177463,100,93,39.52,-6.37,55.0,5.99
418,Cayenne,1589177463,75,100,4.93,-52.33,77.0,2.24
419,Hutchinson,1589177350,1,80,38.06,-97.93,44.01,4.74
420,Esim,1589177463,100,94,4.87,-2.24,73.87,3.94
421,Mnogovershinnyy,1589177464,82,57,53.94,139.92,51.46,15.01
422,Contai,1589177464,18,49,21.78,87.75,93.61,14.58
423,Villa Guerrero,1589177464,40,76,18.87,-99.65,73.0,3.38
424,Guozhen,1589177464,97,22,34.37,107.36,70.72,3.22
425,Kasongo,1589177465,98,90,-4.45,26.67,72.91,2.93
426,Port-Gentil,1589177465,75,94,-0.72,8.78,77.0,4.7
427,Lata,1589177465,85,97,40.16,-8.33,57.99,8.01
428,Parkersburg,1589177465,90,87,39.27,-81.56,46.4,10.29
429,Palagonia,1589177466,75,87,37.33,14.74,59.0,6.93
430,Westport,1589177343,1,71,41.14,-73.36,51.8,11.41
431,Vila Velha,1589177466,72,93,-20.33,-40.29,64.99,2.24
432,Vega de Alatorre,1589177466,27,81,20.03,-96.63,74.32,9.06
433,Swellendam,1589177467,29,87,-34.02,20.44,57.2,2.24
434,Baykit,1589177467,72,39,61.67,96.37,69.3,8.97
435,Nanning,1589177468,40,62,22.82,108.32,89.6,4.47
436,Sainte-Rose,1589177468,75,88,16.33,-61.7,75.2,5.82
437,Byron Bay,1589177468,40,63,-28.65,153.62,66.2,17.22
438,Huilong,1589177469,10,64,31.81,121.66,79.0,5.01
439,Sayyan,1589177469,2,26,15.17,44.32,68.13,9.1
440,Cap-Chat,1589177469,100,83,49.1,-66.68,36.0,24.02
441,Ishigaki,1589177469,75,94,24.34,124.16,80.6,8.05
442,Bonavista,1589177470,30,90,48.65,-53.11,33.71,21.83
443,Yichang,1589177209,89,68,30.71,111.28,62.44,6.08
444,Grand-Santi,1589177470,83,97,4.25,-54.38,72.79,1.14
445,Lyantonde,1589177470,100,94,-0.4,31.16,65.71,4.0
446,Pradera,1589177470,75,100,3.42,-76.24,69.8,2.71
447,Bāzpur,1589177471,0,20,29.15,79.12,101.68,4.9
448,Yichun,1589177471,100,36,47.7,128.9,57.96,8.72
449,Port Hardy,1589177471,20,62,50.7,-127.42,57.2,3.62
450,Fagersta,1589177531,2,79,60.0,15.79,37.0,11.41
451,Kemijärvi,1589177532,100,97,66.71,27.43,32.32,5.99
452,Benguela,1589177532,86,62,-12.58,13.41,78.21,5.57
453,Aden,1589177460,0,58,12.78,45.04,87.57,5.03
454,Ihosy,1589177532,65,73,-22.4,46.12,63.97,9.33
455,Chu,1589177533,0,34,43.6,73.76,77.49,2.1
456,Nizhniy Kislyay,1589177533,99,86,50.85,40.17,52.18,11.61
457,Mampong,1589177533,100,99,7.06,-1.4,68.81,3.76
458,Zvishavane,1589177533,22,73,-20.33,30.07,57.7,1.59
459,Saint-Pierre,1589177533,75,44,-21.34,55.48,77.0,14.99
460,Ridgecrest,1589177336,1,25,35.62,-117.67,73.99,16.11
461,Pimentel,1589177534,50,85,-6.84,-79.93,67.71,9.84
462,Kuandian,1589177534,0,33,40.73,124.78,64.87,20.98
463,Klaksvík,1589177534,81,93,62.23,-6.59,35.6,3.36
464,Mayo,1589177535,1,100,38.89,-76.51,55.0,6.93
465,Tsuruga,1589177535,3,50,35.65,136.06,81.0,1.01
466,Goderich,1589177535,100,90,43.75,-81.72,39.0,13.51
467,Vishnyakovskiye Dachi,1589177535,92,38,55.76,38.13,60.8,11.18
468,Alice Town,1589177536,100,88,25.72,-79.3,74.17,17.85
469,Barra do Garças,1589177536,7,87,-15.89,-52.26,67.87,1.92
470,San Luis,1589177476,0,40,-33.3,-66.34,55.87,18.77
471,Alta Gracia,1589177536,1,51,-31.65,-64.43,61.0,16.11
472,Bloemfontein,1589177412,0,100,-29.12,26.21,35.6,2.24
473,Gōtsuchō,1589177537,0,56,35.0,132.22,71.6,12.75
474,Assiniboia,1589177537,69,72,49.63,-105.98,36.86,6.64
475,Fortuna Foothills,1589177538,1,20,32.66,-114.41,82.99,17.22
476,Kaseda-shirakame,1589177538,20,54,31.42,130.32,78.8,10.29
477,Disna,1589177538,60,69,55.57,28.2,57.18,10.76
478,Paramonga,1589177538,84,86,-10.67,-77.83,66.33,7.72
479,Tura,1589177539,34,30,25.52,90.22,96.06,1.36
480,Quelimane,1589177539,40,88,-17.88,36.89,69.8,9.17
481,Kamloops,1589177539,20,58,50.67,-120.32,60.8,2.24
482,Iquitos,1589177540,40,94,-3.75,-73.25,77.0,1.7
483,Tucupita,1589177540,40,95,9.06,-62.05,71.53,3.04
484,Talcahuano,1589177540,84,100,-36.72,-73.12,46.4,4.7
485,Keetmanshoop,1589177541,0,42,-26.58,18.13,64.4,10.29
486,Mbini,1589177541,92,89,1.57,9.61,76.91,8.66
487,Sinnamary,1589177541,98,88,5.38,-52.95,78.12,13.87
488,Lakes Entrance,1589177541,0,57,-37.88,147.98,63.0,1.01
489,Show Low,1589177542,75,81,34.25,-110.03,51.8,9.17
490,Kisangani,1589177542,46,81,0.52,25.2,77.11,2.13
491,Raymond,1589177542,17,81,43.9,-70.47,41.0,6.87
492,Vanimo,1589177542,76,63,-2.67,141.3,87.01,2.82
493,Colac,1589177543,55,89,-38.33,143.58,55.99,1.01
494,Kulhudhuffushi,1589177543,100,78,6.62,73.07,83.3,17.94
495,Kushima,1589177543,20,73,31.46,131.23,78.8,14.99
496,Wittmund,1589177544,40,65,53.57,7.78,46.99,14.99
497,Ghanzi,1589177544,0,55,-21.57,21.78,55.35,8.39
498,Golyshmanovo,1589177544,38,51,56.4,68.37,73.78,9.04
499,Havelock,1589177505,1,81,34.88,-76.9,66.0,9.22
500,Norsup,1589177605,75,74,-16.07,167.38,80.6,5.82
501,Ibb,1589177605,2,26,13.97,44.18,74.19,4.36
502,Mossamedes,1589177605,30,46,-15.2,12.15,78.69,3.22
503,Rosetta,1589177606,0,93,31.4,30.42,62.6,4.47
504,Krasnogorsk,1589177606,25,33,55.82,37.32,59.0,6.71
505,Mlimba,1589177606,50,68,-8.8,35.82,75.78,2.44
506,Dahuk,1589177607,0,41,36.87,42.99,67.84,2.3
507,Alice Springs,1589177607,97,23,-23.7,133.88,64.4,11.41
508,Broome,1589177607,40,52,42.25,-75.83,46.4,5.82
509,Bukachacha,1589177525,95,37,52.98,116.92,54.12,12.86
510,Nālūt,1589177608,40,13,30.33,10.85,85.93,16.75
511,Havre-St-Pierre,1589177608,40,80,50.23,-63.6,35.6,14.99
512,Kokorevka,1589177608,0,44,52.59,34.28,60.8,2.24
513,Safford,1589177609,1,43,32.83,-109.71,71.6,8.05
514,Santa Rosa,1589177609,20,47,14.31,121.11,97.0,6.93
515,Dali,1589177609,0,26,25.7,100.18,80.29,6.06
516,Nhulunbuy,1589177609,75,58,-12.23,136.77,86.0,14.99
517,Tafalla,1589177610,40,87,42.53,-1.67,55.4,1.12
518,Southbridge,1589177611,56,81,42.08,-72.03,44.01,5.93
519,Lukovetskiy,1589177611,0,57,64.3,41.92,48.2,4.47
520,Carahue,1589177611,40,100,-38.7,-73.17,42.8,2.24
521,Henties Bay,1589177611,39,44,-22.12,14.28,71.94,3.11
522,Mahabalipuram,1589177612,40,59,12.63,80.17,95.0,9.17
523,Dryden,1589177612,1,45,49.78,-92.75,26.6,6.93
524,Arrondissement de Bressuire,1589177612,100,90,46.92,-0.5,48.0,22.79
525,Haukipudas,1589177613,75,93,65.18,25.35,34.0,6.93
526,Jutaí,1589177613,61,97,-5.18,-68.9,71.8,1.41
527,Kostanay,1589177341,100,47,53.17,63.58,75.2,4.47
528,Middelburg,1589177614,0,41,-25.78,29.46,54.72,2.17
529,Jalu,1589177614,22,17,29.03,21.55,78.01,15.23
530,Guerrero Negro,1589177497,100,84,27.98,-114.06,63.0,12.1
531,Nerchinsk,1589177525,94,35,51.98,116.58,57.0,17.49
532,Warangal,1589177615,7,22,18.0,79.58,102.58,5.46
533,Graaff-Reinet,1589177615,0,33,-32.25,24.53,69.01,1.01
534,Maniitsoq,1589177615,96,66,65.42,-52.9,43.32,15.08
535,Gorontalo,1589177616,52,62,0.54,123.06,88.79,9.22
536,Khani,1589177616,50,67,41.96,42.96,57.2,8.05
537,Salou,1589177616,23,77,41.08,1.14,62.01,10.29
538,Alexandria,1589177448,0,93,31.22,29.96,62.6,3.71
539,Mombetsu,1589177617,75,87,44.35,143.35,50.0,8.05
540,Iracoubo,1589177617,96,89,5.48,-53.2,77.95,13.78
541,Gorzów Wielkopolski,1589177617,86,78,52.74,15.23,51.01,5.01
542,Benjamín Aceval,1589177618,90,50,-24.97,-57.57,75.2,12.75
543,Dhidhdhoo,1589177619,100,78,6.88,73.1,82.53,18.07
544,Bonthe,1589177619,81,87,7.53,-12.51,78.8,4.47
545,Katherine,1589177619,0,17,-14.47,132.27,91.4,14.99
546,Shingū,1589177619,20,44,33.73,135.98,78.8,13.87
547,Wad Rāwah,1589177620,88,25,15.16,33.14,92.3,11.14
548,Sestri Levante,1589177620,100,96,44.27,9.4,62.01,6.42
549,Luanda,1589177620,75,94,-8.84,13.23,78.8,6.24
550,Lumeje,1589177681,91,68,-11.55,20.78,62.58,6.58
